,mem_request_avg_container,mem_request_sum_container,mem_limit_avg_container,mem_limit_sum_container,mem_usage_sum_container,mem_usage_avg_container,mem_usage_max_container,mem_usage_min_container,mem_rss_sum_container,mem_rss_avg_container,mem_rss_max_container,mem_rss_min_container
,"4096000000","16384000000","7168000000","28672000000","2607721224.827586","521544244.9655172","1703870464","0","2528755099.9540224","505751019.9908045","1665773568","0"
,"4096000000","12288000000","8192000000","24576000000","5328692257.032259","1776230752.3440862","2294263808","1065734144","5173003297.032258","1724334432.344086","2245419008","1018494976"
,"4096000000","12288000000","8192000000","24576000000","5517275400.258064","1839091800.0860214","2336178176","1085894656","5350978064.516129","1783659354.8387096","2275692544","1035788288"
