,network_sum_pod,network_avg_pod,network_max_pod,network_min_pod
,"255.51301866207228","85.13557310164268","149.33333333333334","37.20801786190349"
