,mem_request_avg_container,mem_request_sum_container,mem_limit_avg_container,mem_limit_sum_container,mem_usage_sum_container,mem_usage_avg_container,mem_usage_max_container,mem_usage_min_container,mem_rss_sum_container,mem_rss_avg_container,mem_rss_max_container,mem_rss_min_container
,"4096000000","4096000000","4096000000","4096000000","1298680203.2280703","324670050.80701756","1495109632","0","1252154328.4771929","313038582.1192982","1445670912","0"
,"4096000000","4096000000","4096000000","4096000000","1486095525.1612904","1486095525.1612904","1644302336","1120849920","1443964069.1612902","1443964069.1612902","1590800384","1085456384"
